INSERT INTO tb_gravadora (id, nome) VALUES
    (1, 'Sony Music'),
    (2, 'Universal Music'),
    (3, 'Warner Music'),
    (4, 'EMI'),
    (5, 'Atlantic Records');

INSERT INTO tb_genero (id, nome) VALUES
    (50, 'Pop'),
    (51, 'Rock'),
    (52, 'Hip-Hop'),
    (53, 'Jazz'),
    (54, 'Blues'),
    (55, 'Country'),
    (56, 'Reggae'),
    (57, 'Eletrônica'),
    (58, 'Funk'),
    (59, 'Clássico');
    
INSERT INTO tb_tipo_artista (id, descricao) VALUES
    (100, 'Banda'),
    (101, 'Artista Solo'),
    (102, 'Dupla'),
    (103, 'Concerto');

INSERT INTO tb_artista (id, nome, data_nasc, tipo_artista) VALUES
    (1, 'Michael Jackson', '1958-08-29', 101),
    (2, 'The Beatles', NULL, 100),
    (3, 'Elton John', '1947-03-25', 101),
    (4, 'Queen', NULL, 100),
    (5, 'Beyoncé', '1981-09-04', 101),
    (6, 'Coldplay', NULL, 100),
    (7, 'Eminem', '1972-10-17', 101),
    (8, 'Pink Floyd', NULL, 100),
    (9, 'Daft Punk', NULL, 100),
    (10, 'Elvis Presley', '1935-01-08', 101),
    (11, 'Taylor Swift', '1989-12-13', 101),
    (12, 'U2', NULL, 100),
    (13, 'Bob Marley', '1945-02-06', 101),
    (14, 'Frank Sinatra', '1915-12-12', 101),
    (15, 'Madonna', '1958-08-16', 101),
    (16, 'Metallica', NULL, 100),
    (17, 'AC/DC', NULL, 100),
    (18, 'David Bowie', '1947-01-08', 101),
    (19, 'The Rolling Stones', NULL, 100),
    (20, 'Led Zeppelin', NULL, 100),
    (21, 'The Weeknd', '1990-02-16', 101),
    (22, 'Adele', '1988-05-05', 101),
    (23, 'Bruno Mars', '1985-10-08', 101),
    (24, 'Rihanna', '1988-02-20', 101),
    (25, 'Justin Bieber', '1994-03-01', 101),
    (26, 'Drake', '1986-10-24', 101),
    (27, 'Billie Eilish', '2001-12-18', 101),
    (28, 'Ed Sheeran', '1991-02-17', 101),
    (29, 'Maroon 5', NULL, 100),
    (30, 'Imagine Dragons', NULL, 100);

INSERT INTO tb_disco (id, titulo, duracao, ano_lancamento, artista, gravadora, genero) VALUES
    (1, 'Thriller', '00:42:19', '1982-11-30', 1, 1, 50),
    (2, 'Abbey Road', '00:47:23', '1969-09-26', 2, 1, 51),
    (3, 'Goodbye Yellow Brick Road', '01:17:03', '1973-10-05', 3, 1, 50),
    (4, 'A Night at the Opera', '00:43:08', '1975-11-21', 4, 1, 51),
    (5, 'Dangerously in Love', '01:00:33', '2003-06-24', 5, 1, 50),
    (6, 'A Rush of Blood to the Head', '00:54:08', '2002-08-26', 6, 2, 50),
    (7, 'The Marshall Mathers LP', '01:12:14', '2000-05-23', 7, 2, 52),
    (8, 'The Dark Side of the Moon', '00:42:49', '1973-03-01', 8, 2, 51),
    (9, 'Random Access Memories', '01:14:24', '2013-05-17', 9, 2, 57),
    (10, 'Elvis Presley', '00:28:03', '1956-03-23', 10, 2, 50);

INSERT INTO tb_disco (id, titulo, duracao, ano_lancamento, artista, gravadora, genero) VALUES
    (11, 'Born to Run', '00:39:26', '1975-08-25', 11, 3, 50),
    (12, 'The Beatles (White Album)', '01:33:14', '1968-11-22', 12, 3, 51),
    (13, 'Back in Black', '00:42:11', '1980-07-25', 13, 3, 51),
    (14, 'Purple Rain', '00:43:54', '1984-06-25', 14, 3, 50),
    (15, 'The Joshua Tree', '00:50:11', '1987-03-09', 15, 3, 50),
    (16, 'Hotel California', '00:43:28', '1976-12-08', 16, 4, 51),
    (17, 'The Wall', '01:21:07', '1979-11-30', 17, 4, 51),
    (18, 'Born This Way', '01:10:25', '2011-05-23', 18, 4, 52),
    (19, '21', '00:48:12', '2011-01-24', 19, 4, 50),
    (20, 'Dookie', '00:39:38', '1994-02-01', 20, 4, 51);
    
INSERT INTO tb_disco (id, titulo, duracao, ano_lancamento, artista, gravadora, genero) VALUES
    (21, 'Thriller', '00:42:19', '1982-11-30', 1, 1, 50),
    (22, 'Abbey Road', '00:47:23', '1969-09-26', 2, 1, 51),
    (23, 'Goodbye Yellow Brick Road', '01:17:03', '1973-10-05', 3, 1, 50),
    (24, 'A Night at the Opera', '00:43:08', '1975-11-21', 4, 1, 51),
    (25, 'Dangerously in Love', '01:00:33', '2003-06-24', 5, 1, 50),
    (26, 'A Rush of Blood to the Head', '00:54:08', '2002-08-26', 6, 2, 50),
    (27, 'The Marshall Mathers LP', '01:12:14', '2000-05-23', 7, 2, 52),
    (28, 'The Dark Side of the Moon', '00:42:49', '1973-03-01', 8, 2, 51),
    (29, 'Random Access Memories', '01:14:24', '2013-05-17', 9, 2, 57),
    (30, 'Elvis Presley', '00:28:03', '1956-03-23', 10, 2, 50),
    (31, 'Born to Run', '00:39:26', '1975-08-25', 11, 3, 50),
    (32, 'The Beatles (White Album)', '01:33:14', '1968-11-22', 12, 3, 51),
    (33, 'Back in Black', '00:42:11', '1980-07-25', 13, 3, 51),
    (34, 'Purple Rain', '00:43:54', '1984-06-25', 14, 3, 50),
    (35, 'The Joshua Tree', '00:50:11', '1987-03-09', 15, 3, 50),
    (36, 'Hotel California', '00:43:28', '1976-12-08', 16, 4, 51),
    (37, 'The Wall', '01:21:07', '1979-11-30', 17, 4, 51),
    (38, 'Born This Way', '01:10:25', '2011-05-23', 18, 4, 52),
    (39, '21', '00:48:12', '2011-01-24', 19, 4, 50),
    (40, 'Dookie', '00:39:38', '1994-02-01', 20, 4, 51),
    (41, 'Hotel California', '00:43:28', '1976-12-08', 16, 1, 51),
    (42, 'The White Stripes', '00:45:00', '2001-07-03', 21, 1, 51),
    (43, 'The Rolling Stones', '01:06:30', '1971-12-12', 22, 1, 52),
    (44, 'The Doors', '00:58:42', '1967-01-04', 23, 1, 53),
    (45, 'Back in Black', '00:42:11', '1980-07-25', 13, 2, 51),
    (46, 'Revolver', '00:34:20', '1966-08-05', 24, 2, 50),
    (47, 'Nevermind', '00:42:43', '1991-09-24', 25, 2, 54),
    (48, 'Born to Die', '00:43:53', '2012-01-27', 26, 2, 55),
    (49, 'A Rush of Blood to the Head', '00:54:08', '2002-08-26', 6, 3, 50),
    (50, 'The Beatles', '00:47:06', '1968-11-22', 12, 3, 50);

select *from tb_musica;

INSERT INTO tb_musica (id, nome, duracao, disco) VALUES
    (1, 'Wanna Be Startin'' Somethin''', '00:06:02', 1),
    (2, 'Baby Be Mine', '00:04:20', 1),
    (3, 'The Girl Is Mine', '00:03:42', 1),
    (4, 'Thriller', '00:05:57', 1),
    (5, 'Beat It', '00:04:18', 1),
    (6, 'Billie Jean', '00:04:54', 1),
    (7, 'Human Nature', '00:04:06', 1),
    (8, 'P.Y.T. (Pretty Young Thing)', '00:03:59', 1),
    (9, 'The Lady in My Life', '00:04:57', 1),
    (10, 'Come Together', '00:04:19', 2),
    (11, 'Something', '00:03:02', 2),
    (12, 'Maxwell''s Silver Hammer', '00:03:27', 2),
    (13, 'Oh! Darling', '00:03:26', 2),
    (14, 'Octopus''s Garden', '00:02:51', 2),
    (15, 'I Want You (She''s So Heavy)', '00:07:47', 2),
    (16, 'Here Comes the Sun', '00:03:05', 2),
    (17, 'Because', '00:02:45', 2),
    (18, 'Funeral for a Friend/Love Lies Bleeding', '00:11:08', 3),
    (19, 'Candle in the Wind', '00:03:50', 3),
    (20, 'Bennie and the Jets', '00:05:23', 3),
    (21, 'Goodbye Yellow Brick Road', '00:03:13', 3),
    (22, 'This Song Has No Title', '00:02:23', 3),
    (23, 'Grey Seal', '00:04:00', 3),
    (24, 'Jamaica Jerk-Off', '00:03:39', 3),
    (25, 'I''ve Seen That Movie Too', '00:05:59', 3),
    (26, 'Sweet Painted Lady', '00:03:53', 3),
    (27, 'The Ballad of Danny Bailey', '00:04:23', 3),
    (28, 'Death on Two Legs', '00:03:43', 4),
    (29, 'Lazing on a Sunday Afternoon', '00:01:08', 4),
    (30, 'I''m in Love with My Car', '00:03:05', 4),
    (31, 'You''re My Best Friend', '00:02:52', 4),
    (32, '''39', '00:03:30', 4),
    (33, 'Sweet Lady', '00:04:02', 4),
    (34, 'Seaside Rendezvous', '00:02:14', 4),
    (35, 'The Prophet''s Song', '00:08:20', 4),
    (36, 'Crazy in Love', '00:03:56', 5),
    (37, 'Naughty Girl', '00:03:29', 5),
    (38, 'Baby Boy', '00:04:04', 5),
    (39, 'Hip Hop Star', '00:03:42', 5),
    (40, 'Be with You', '00:04:20', 5),
    (41, 'Me, Myself and I', '00:05:01', 5),
    (42, 'Yes', '00:04:19', 5),
    (43, 'Signs', '00:04:58', 5),
    (44, 'Speechless', '00:06:00', 5),
    (45, 'That''s How You Like It', '00:03:39', 5);
    INSERT INTO tb_musica (id, nome , duracao, disco) VALUES
    (46, 'Politik', '05:18', 6),
    (47, 'In My Place', '03:48', 6),
    (48, 'God Put a Smile upon Your Face', '04:57', 6),
    (49, 'The Scientist', '05:09', 6),
    (50, 'Clocks', '05:07', 6),
    (51, 'Daylight', '05:27', 6),
    (52, 'Green Eyes', '03:43', 6),
    (53, 'Warning Sign', '05:31', 6),
    (54, 'A Whisper', '03:58', 6),
    (55, 'Amsterdam', '05:19', 6),
    (56, 'Public Service Announcement', '02:33', 7),
    (57, 'Stan', '06:44', 7),
    (58, 'Kill You', '04:24', 7),
    (59, 'The Way I Am', '04:51', 7),
    (60, 'The Real Slim Shady', '04:44', 7),
    (61, 'Remember Me?', '03:38', 7),
    (62, 'I''m Back', '05:10', 7),
    (63, 'Marshall Mathers', '05:20', 7),
    (64, 'Speak to Me', '01:30', 8),
    (65, 'Breathe', '02:43', 8),
    (66, 'On the Run', '03:30', 8),
    (67, 'Time', '06:53', 8),
    (68, 'The Great Gig in the Sky', '04:44', 8),
    (69, 'Money', '06:22', 8),
    (70, 'Us and Them', '07:50', 8),
    (71, 'Any Colour You Like', '03:25', 8),
    (72, 'Brain Damage', '03:50', 8),
    (73, 'Eclipse', '02:10', 8),
    (74, 'Give Life Back to Music', '04:35', 9),
    (75, 'The Game of Love', '05:22', 9),
    (76, 'Giorgio by Moroder', '09:04', 9),
    (77, 'Within', '03:48', 9),
    (78, 'Instant Crush', '05:37', 9),
    (79, 'Lose Yourself to Dance', '05:53', 9),
    (80, 'Touch', '08:18', 9),
    (81, 'Get Lucky', '06:09', 9),
    (82, 'Beyond', '04:50', 9),
    (83, 'Motherboard', '05:41', 9),
    (84, 'Blue Suede Shoes', '02:00', 10),
    (85, 'I''m Counting on You', '02:25', 10),
    (86, 'I Got a Woman', '02:26', 10),
    (87, 'One-Sided Love Affair', '02:11', 10),
    (88, 'I Love You Because', '02:42', 10),
    (89, 'Just Because', '02:33', 10),
    (90, 'Tutti Frutti', '01:58', 10),
    (91, 'Trying to Get to You', '02:33', 10),
    (92, 'I''ll Never Let You Go', '02:26', 10),
    (93, 'Money Honey', '02:37', 10);
    INSERT INTO tb_musica (id, nome, duracao, disco) VALUES
    (103, 'Thunder Road', '04:49', 11),
    (104, 'Tenth Avenue Freeze-Out', '03:11', 11),
    (105, 'Night', '03:00', 11),
    (106, 'Backstreets', '06:30', 11),
    (107, 'Born to Run', '04:30', 11),
    (108, 'She''s the One', '04:30', 11),
    (109, 'Meeting Across the River', '03:18', 11),
    (110, 'Jungleland', '09:33', 11),
    (111, 'Back in the U.S.S.R.', '02:43', 12),
    (112, 'Dear Prudence', '03:56', 12),
    (113, 'Glass Onion', '02:17', 12),
    (114, 'Ob-La-Di, Ob-La-Da', '03:08', 12),
    (115, 'While My Guitar Gently Weeps', '04:45', 12),
    (116, 'Happiness Is a Warm Gun', '02:43', 12),
    (117, 'Blackbird', '02:18', 12),
    (118, 'Piggies', '02:04', 12),
    (119, 'Hells Bells', '05:12', 13),
    (120, 'Shoot to Thrill', '05:17', 13),
    (121, 'What Do You Do for Money Honey', '03:33', 13),
    (122, 'Givin the Dog a Bone', '03:32', 13),
    (123, 'Let Me Put My Love Into You', '04:15', 13),
    (124, 'Back in Black', '04:15', 13),
    (125, 'You Shook Me All Night Long', '03:30', 13),
    (126, 'Have a Drink on Me', '03:58', 13),
    (127, 'Let''s Go Crazy', '04:39', 14),
    (128, 'Take Me with U', '03:54', 14),
    (129, 'The Beautiful Ones', '05:13', 14),
    (130, 'Computer Blue', '03:59', 14),
    (131, 'Darling Nikki', '04:15', 14),
    (132, 'When Doves Cry', '05:52', 14),
    (133, 'I Would Die 4 U', '02:51', 14),
    (134, 'Baby I''m a Star', '04:24', 14),
    (135, 'Where the Streets Have No Name', '05:37', 15),
    (136, 'I Still Haven''t Found What I''m Looking For', '04:37', 15),
    (137, 'With or Without You', '04:56', 15),
    (138, 'Bullet the Blue Sky', '04:32', 15),
    (139, 'Running to Stand Still', '04:18', 15),
    (140, 'Red Hill Mining Town', '04:52', 15),
    (141, 'In God''s Country', '02:57', 15),
    (142, 'One Tree Hill', '05:24', 15),
    (143, 'Hotel California', '06:30', 16),
    (144, 'New Kid in Town', '05:04', 16),
    (145, 'Life in the Fast Lane', '04:46', 16),
    (146, 'Wasted Time', '04:55', 16),
    (147, 'Victim of Love', '04:09', 16),
    (148, 'Pretty Maids All in a Row', '04:05', 16),
    (149, 'Try and Love Again', '05:10', 16),
    (150, 'The Last Resort', '07:29', 16),
    (151, 'In the Flesh?', '03:19', 17),
    (152, 'The Thin Ice', '02:27', 17),
    (153, 'Another Brick in the Wall, Part 1', '03:12', 17),
    (154, 'The Happiest Days of Our Lives', '01:46', 17),
    (155, 'Another Brick in the Wall, Part 2', '04:00', 17),
    (156, 'Mother', '05:34', 17),
    (157, 'Goodbye Blue Sky', '02:48', 17),
    (158, 'Empty Spaces', '02:07', 17),
    (159, 'Marry the Night', '04:24', 18),
    (160, 'Born This Way', '04:20', 18),
    (161, 'Government Hooker', '04:14', 18),
    (162, 'Judas', '04:09', 18),
    (163, 'Americano', '04:06', 18),
    (164, 'Hair', '05:08', 18),
    (165, 'Scheiße', '03:45', 18),
    (166, 'Bloody Mary', '04:04', 18),
    (167, 'Rolling in the Deep', '03:49', 19),
    (168, 'Rumour Has It', '03:43', 19),
    (169, 'Turning Tables', '04:10', 19),
    (170, 'Don''t You Remember', '04:03', 19),
    (171, 'Set Fire to the Rain', '04:02', 19),
    (172, 'He Won''t Go', '04:38', 19),
    (173, 'Take It All', '03:48', 19),
    (174, 'I''ll Be Waiting', '04:01', 19),
    (175, 'Burnout', '02:07', 20),
    (176, 'Having a Blast', '02:44', 20),
    (178, 'Longview', '03:59', 20),
    (179, 'Welcome to Paradise', '03:44', 20),
    (180, 'Pulling Teeth', '02:31', 20),
    (181, 'Basket Case', '03:03', 20),
    (182, 'She', '02:14', 20);
INSERT INTO tb_musica (id, nome, duracao, disco) VALUES
(184, 'Chump', '02:51', 20),
(187, 'Pulling Teeth', '02:33', 20),
(188, 'Basket Case', '03:01', 20),
(189, 'She', '02:13', 20),
(190, 'Sassafras Roots', '02:34', 20),
(195, 'Beat It', '04:18', 21),
(196, 'Billie Jean', '04:54', 21),
(197, 'Human Nature', '04:06', 21),
(198, 'P.Y.T. (Pretty Young Thing)', '03:59', 21),
(199, 'The Lady in My Life', '04:57', 21),
(200, 'Come Together', '04:20', 22),
(201, 'Something', '03:03', 22),
(202, 'Maxwell’s Silver Hammer', '03:27', 22),
(203, 'Oh! Darling', '03:26', 22),
(204, 'Octopus’s Garden', '02:50', 22),
(205, 'I Want You (She’s So Heavy)', '07:47', 22),
(206, 'Here Comes the Sun', '03:05', 22),
(207, 'Because', '02:45', 22),
(208, 'You Never Give Me Your Money', '04:02', 22),
(209, 'Funeral for a Friend/Love Lies Bleeding', '11:09', 23),
(210, 'Candle in the Wind', '03:45', 23),
(211, 'Bennie and the Jets', '05:23', 23),
(212, 'Goodbye Yellow Brick Road', '03:14', 23),
(213, 'This Song Has No Title', '03:45', 23),
(214, 'Grey Seal', '04:30', 23),
(215, 'Jamaica Jerk-Off', '03:32', 23),
(216, 'Death on Two Legs (Dedicated to...)', '03:43', 24),
(217, 'Lazing on a Sunday Afternoon', '01:08', 24),
(218, 'I’m in Love with My Car', '03:05', 24),
(219, 'You’re My Best Friend', '02:52', 24),
(220, '39', '03:33', 24),
(221, 'Sweet Lady', '04:02', 24),
(222, 'Seaside Rendezvous', '02:13', 24),
(223, 'The Prophet’s Song', '08:21', 24),
(224, 'Love of My Life', '03:41', 24),
(225, 'Crazy in Love', '03:56', 25),
(226, 'Naughty Girl', '03:27', 25),
(227, 'Baby Boy', '04:07', 25),
(228, 'Hip Hop Star', '03:48', 25),
(229, 'Be With You', '04:03', 25),
(230, 'Me, Myself and I', '03:59', 25),
(231, 'Yes', '03:18', 25),
(232, 'Sign Me Up', '04:18', 25),
(233, 'Speechless', '04:29', 25),
(234, 'Politik', '05:18', 26),
(235, 'In My Place', '03:48', 26),
(236, 'God Put a Smile upon Your Face', '04:57', 26),
(237, 'The Scientist', '05:09', 26),
(238, 'Clocks', '05:07', 26),
(239, 'Daylight', '05:27', 26),
(240, 'Green Eyes', '03:43', 26),
(241, 'Warning Sign', '05:31', 26),
(242, 'A Whisper', '03:58', 26),
(243, 'Public Service Announcement', '02:33', 27),
(244, 'Stan', '06:44', 27),
(245, 'Kill You', '04:24', 27),
(246, 'The Way I Am', '04:51', 27),
(247, 'The Real Slim Shady', '04:44', 27),
(248, 'Remember Me?', '03:38', 27),
(249, 'I’m Back', '05:10', 27),
(250, 'Marshall Mathers', '05:20', 27),
(251, 'Speak to Me', '01:30', 28),
(252, 'Breathe', '02:43', 28),
(253, 'On the Run', '03:30', 28),
(254, 'Time', '06:53', 28),
(255, 'The Great Gig in the Sky', '04:44', 28),
(256, 'Money', '06:22', 28),
(257, 'Us and Them', '07:50', 28),
(258, 'Any Colour You Like', '03:25', 28),
(259, 'Brain Damage', '03:50', 28),
(260, 'Eclipse', '02:10', 28),
(261, 'Give Life Back to Music', '04:35', 29),
(262, 'The Game of Love', '05:22', 29),
(263, 'Giorgio by Moroder', '09:04', 29),
(264, 'Within', '03:48', 29),
(265, 'Instant Crush', '05:37', 29),
(266, 'Lose Yourself to Dance', '05:53', 29),
(267, 'Touch', '08:18', 29),
(268, 'Get Lucky', '06:09', 29),
(269, 'Beyond', '04:50', 29),
(270, 'Blue Suede Shoes', '02:00', 30),
(271, 'I’m Counting on You', '02:25', 30),
(272, 'I Got a Woman', '02:26', 30),
(273, 'One-Sided Love Affair', '02:11', 30),
(274, 'I Love You Because', '02:42', 30),
(275, 'Just Because', '02:33', 30),
(276, 'Tutti Frutti', '01:58', 30),
(277, 'Trying to Get to You', '02:33', 30),
(278, 'I’ll Never Let You Go', '02:26', 30),
(279, 'Money Honey', '02:37', 30),
(280, 'Thunder Road', '04:49', 31),
(281, 'Tenth Avenue Freeze-Out', '03:05', 31),
(282, 'Night', '03:00', 31),
(283, 'Backstreets', '06:30', 31),
(284, 'Born to Run', '04:30', 31),
(285, 'She’s the One', '04:30', 31),
(286, 'Meeting Across the River', '03:30', 31),
(287, 'Jungleland', '09:34', 31),
(288, 'Back in the U.S.S.R.', '02:44', 32),
(289, 'Dear Prudence', '03:56', 32),
(290, 'Glass Onion', '02:17', 32),
(291, 'Ob-La-Di, Ob-La-Da', '03:09', 32),
(292, 'Wild Honey Pie', '01:02', 32),
(293, 'The Continuing Story of Bungalow Bill', '03:07', 32),
(294, 'While My Guitar Gently Weeps', '04:45', 32),
(295, 'Happiness Is a Warm Gun', '02:44', 32),
(296, 'Martha My Dear', '02:29', 32),
(297, 'I’m So Tired', '02:03', 32),
(298, 'Blackbird', '02:18', 32),
(299, 'Hells Bells', '05:12', 33),
(300, 'Shoot to Thrill', '05:17', 33),
(301, 'What Do You Do for Money Honey', '03:36', 33),
(302, 'Given the Dog a Bone', '03:29', 33),
(303, 'Let Me Put My Love into You', '04:15', 33),
(304, 'Back in Black', '04:14', 33),
(305, 'You Shook Me All Night Long', '03:30', 33),
(306, 'Have a Drink on Me', '03:57', 33),
(307, 'Shake a Leg', '04:03', 33),
(308, 'Rock and Roll Ain’t Noise Pollution', '04:08', 33),
(309, 'Let’s Go Crazy', '04:39', 34),
(310, 'Take Me with U', '03:53', 34),
(311, 'The Beautiful Ones', '05:13', 34),
(312, 'Computer Blue', '03:58', 34),
(313, 'Darling Nikki', '04:14', 34),
(314, 'When Doves Cry', '05:53', 34),
(315, 'I Would Die 4 U', '02:57', 34),
(316, 'Baby I’m a Star', '04:24', 34),
(317, 'Purple Rain', '08:41', 34),
(318, 'Where the Streets Have No Name', '05:38', 35),
(319, 'I Still Haven’t Found What I’m Looking For', '04:38', 35),
(320, 'With or Without You', '04:56', 35),
(321, 'Bullet the Blue Sky', '04:30', 35),
(322, 'Running to Stand Still', '04:18', 35),
(323, 'Red Hill Mining Town', '04:53', 35),
(324, 'In God’s Country', '02:57', 35),
(325, 'Trip Through Your Wires', '03:28', 35),
(326, 'One Tree Hill', '05:22', 35),
(327, 'Hotel California', '06:30', 36),
(328, 'New Kid in Town', '05:04', 36),
(329, 'Life in the Fast Lane', '04:46', 36),
(330, 'Wasted Time', '04:58', 36),
(331, 'Wasted Time', '03:43', 36),
(332, 'Take It to the Limit', '04:46', 36),
(333, 'Desperado', '03:33', 36),
(334, 'In the Flesh?', '03:15', 37),
(335, 'The Thin Ice', '02:27', 37),
(336, 'Another Brick in the Wall, Part 1', '03:11', 37),
(337, 'The Happiest Days of Our Lives', '03:50', 37),
(338, 'Mother', '05:32', 37),
(339, 'Goodbye Blue Sky', '02:47', 37),
(340, 'Hey You', '04:40', 37),
(341, 'Comfortably Numb', '06:24', 37),
(342, 'Run Like Hell', '04:23', 37),
(343, 'The Trial', '05:17', 37),
(344, 'Marry the Night', '04:25', 38),
(345, 'Born This Way', '04:20', 38),
(346, 'Government Hooker', '04:13', 38),
(347, 'Judas', '04:09', 38),
(348, 'Americano', '04:06', 38),
(349, 'Hair', '04:10', 38),
(350, 'Scheiße', '04:13', 38),
(351, 'Bloody Mary', '04:52', 38),
(352, 'Black Jesus + Amen Fashion', '04:16', 38),
(353, 'Rolling in the Deep', '03:48', 39),
(354, 'Rumour Has It', '03:43', 39),
(355, 'Turning Tables', '04:09', 39),
(356, 'Don’t You Remember', '04:04', 39),
(357, 'Set Fire to the Rain', '04:02', 39),
(358, 'He Won’t Go', '04:38', 39),
(359, 'Take It All', '03:47', 39),
(360, 'I Can’t Make You Love Me', '04:09', 39),
(361, 'Burnout', '02:05', 40),
(362, 'Having a Blast', '02:43', 40),
(365, 'Welcome to Paradise', '03:42', 40),
(367, 'Basket Case', '03:02', 40),
(368, 'She', '02:13', 40),
(369, 'Sassafras Roots', '02:34', 40),
(370, 'Hotel California', '06:30', 41),
(371, 'New Kid in Town', '05:04', 41),
(372, 'Life in the Fast Lane', '04:46', 41),
(373, 'Wasted Time', '04:58', 41),
(374, 'Take It to the Limit', '04:46', 41),
(375, 'Desperado', '03:33', 41),
(376, 'Dead Leaves and the Dirty Ground', '03:20', 42),
(377, 'Hotel Yorba', '02:10', 42),
(378, 'I Just Don’t Know What to Do with Myself', '02:48', 42),
(379, 'Fell in Love with a Girl', '01:50', 42),
(380, 'Expecting', '02:06', 42),
(381, 'Little Room', '01:43', 42),
(382, 'The Union Forever', '04:04', 42),
(383, 'Brown Sugar', '03:49', 43),
(384, 'Sway', '03:30', 43),
(385, 'Wild Horses', '05:43', 43),
(386, 'Can’t You Hear Me Knocking', '06:46', 43),
(387, 'You Gotta Move', '02:33', 43),
(388, 'Bitch', '03:35', 43),
(389, 'Break on Through (To the Other Side)', '02:26', 44),
(390, 'Soul Kitchen', '03:30', 44),
(391, 'The Crystal Ship', '02:34', 44),
(392, 'Twentieth Century Fox', '02:30', 44),
(393, 'Alabama Song (Whisky Bar)', '03:15', 44),
(394, 'Light My Fire', '06:55', 44),
(395, 'Back Door Man', '03:35', 44),
(396, 'I Looked at You', '02:23', 44),
(404, 'Taxman', '02:39', 46),
(405, 'Eleanor Rigby', '02:08', 46),
(406, 'I’m Only Sleeping', '03:03', 46),
(407, 'Love You To', '03:02', 46),
(408, 'Here, There and Everywhere', '02:26', 46),
(409, 'Yellow Submarine', '02:38', 46),
(410, 'She Said She Said', '02:38', 46),
(411, 'Good Day Sunshine', '02:09', 46),
(412, 'Smells Like Teen Spirit', '05:01', 47),
(413, 'In Bloom', '04:14', 47),
(414, 'Come as You Are', '03:38', 47),
(415, 'Breed', '03:03', 47),
(416, 'Lithium', '04:17', 47),
(417, 'Polly', '02:57', 47),
(418, 'Territorial Pissings', '02:22', 47),
(419, 'Born to Die', '04:46', 48),
(420, 'Off to the Races', '05:01', 48),
(421, 'Blue Jeans', '03:29', 48),
(422, 'Video Games', '04:40', 48),
(423, 'Diet Mountain Dew', '03:40', 48),
(424, 'National Anthem', '03:49', 48),
(425, 'Dark Paradise', '04:02', 48),
(426, 'Politik', '05:18', 49),
(427, 'In My Place', '03:48', 49),
(428, 'God Put a Smile upon Your Face', '04:57', 49),
(429, 'The Scientist', '05:09', 49),
(430, 'Clocks', '05:07', 49),
(431, 'Daylight', '05:27', 49),
(432, 'Green Eyes', '03:43', 49),
(433, 'Warning Sign', '05:31', 49),
(434, 'Back in the U.S.S.R.', '02:44', 50),
(435, 'Dear Prudence', '03:56', 50),
(436, 'Glass Onion', '02:18', 50),
(437, 'Ob-La-Di, Ob-La-Da', '03:09', 50),
(438, 'Wild Honey Pie', '01:08', 50),
(439, 'The Continuing Story of Bungalow Bill', '03:04', 50),
(440, 'While My Guitar Gently Weeps', '04:46', 50),
(441, 'Happiness Is a Warm Gun', '02:42', 50);